<?xml version="1.0" encoding="UTF-8"?>
<project-private xmlns="http://www.netbeans.org/ns/project-private/1">
    <editor-bookmarks xmlns="http://www.netbeans.org/ns/editor-bookmarks/2" lastBookmarkId="0"/>
    <open-files xmlns="http://www.netbeans.org/ns/projectui-open-files/2">
        <group>
            <file>file:/S:/Netbeans%20PRJ/Prolab%20II%209.2/src/Engel.java</file>
            <file>file:/S:/Netbeans%20PRJ/Prolab%20II%209.2/src/Robot2.java</file>
            <file>file:/S:/Netbeans%20PRJ/Prolab%20II%209.2/src/Izgara.java</file>
            <file>file:/S:/Netbeans%20PRJ/Prolab%20II%209.2/src/Robot.java</file>
            <file>file:/S:/Netbeans%20PRJ/Prolab%20II%209.2/src/Node.java</file>
            <file>file:/S:/Netbeans%20PRJ/Prolab%20II%209.2/src/URLTextReader.java</file>
            <file>file:/S:/Netbeans%20PRJ/Prolab%20II%209.2/src/Uygulama.java</file>
            <file>file:/S:/Netbeans%20PRJ/Prolab%20II%209.2/src/Labyrenther.java</file>
        </group>
    </open-files>
</project-private>
